scientific_name,note_ja
Oryza sativa,イネ
Triticum aestivum,コムギ（パンコムギ）
Zea mays,トウモロコシ
Solanum tuberosum,ジャガイモ
Glycine max,ダイズ
Solanum lycopersicum,トマト
Manihot esculenta,キャッサバ
Ipomoea batatas,サツマイモ
Musa acuminata,バナナ
Malus × domestica,リンゴ（WFO では交雑種の記号付きが正式名）
Abelmoschus esculentus,FAO WCA 2020 crop 205 Okra
Achras sapota,FAO WCA 2020 crop 266 Sapodilla
Actinidia deliciosa,FAO WCA 2020 crop 153 Kiwi fruit
Aframomum melegueta,FAO WCA 2020 crop 131 Guinea pepper（元の表記 Afframomum melegueta を訂正）
Agave atrovirens,FAO WCA 2020 crop 172 Maguey
Agave fourcroydes,FAO WCA 2020 crop 137 Henequen
Agave sisalana,FAO WCA 2020 crop 271 Sisal
Allium ampeloprasum,FAO WCA 2020 crop 157 Leek
Allium cepa,FAO WCA 2020 crop 207 Onion seed
Allium sativum,"FAO WCA 2020 crop 111 Garlic, dry"
Anacardium occidentale,FAO WCA 2020 crop 53 Cashew nuts
Ananas comosus,FAO WCA 2020 crop 230 Pineapple
Anethum graveolens,FAO WCA 2020 crop 94 Dill and dill seed（元の表記 Anethum graveoles を訂正）
Angelica archangelica,FAO WCA 2020 crop 5 Angelica stems
Annona reticulata,FAO WCA 2020 crop 91 Custard apple（元の表記 Annona reticulate：FAO の綴り誤りを訂正）
Apium graveolens,FAO WCA 2020 crop 57 Celeriac
Arachis hypogaea,FAO WCA 2020 crop 127 Groundnut (peanut)
Areca catechu,FAO WCA 2020 crop 29 Betel nut
Armoracia rusticana,FAO WCA 2020 crop 141 Horseradish
Arracacia xanthorrhiza,FAO WCA 2020 crop 10 Arracha
Artocarpus altilis,FAO WCA 2020 crop 34 Breadfruit
Asparagus officinalis,FAO WCA 2020 crop 13 Asparagus
Bertholletia excelsa,FAO WCA 2020 crop 33 Brazil nut
Beta vulgaris,FAO WCA 2020 crop 178 Mangel (fodder beet)
Boehmeria nivea,FAO WCA 2020 crop 249 Ramie
Borassus flabellifer,FAO WCA 2020 crop 214 Palm palmyra
Brassica chinensis,"FAO WCA 2020 crop 43 Cabbage, Chinese"
Brassica napus,FAO WCA 2020 crop 250 Rapeseed (colza)
Brassica nigra,FAO WCA 2020 crop 197 Mustard
Brassica oleracea,FAO WCA 2020 crop 149 Kale
Brassica rapa,"FAO WCA 2020 crop 316 Turnip, edible"
Butyrospermum parkii,FAO WCA 2020 crop 270 Shea tree (shea butter or karite nut)
Cajanus cajan,FAO WCA 2020 crop 229 Pigeon pea
Camellia sinensis,FAO WCA 2020 crop 306 Tea
Cannabis sativa,FAO WCA 2020 crop 133 Hemp fibre
Capsicum annuum,FAO WCA 2020 crop 298 Sweet pepper
Carica papaya,FAO WCA 2020 crop 218 Papaya (pawpaw)
Carthamus tinctorius,FAO WCA 2020 crop 262 Safflower
Carum carvi,FAO WCA 2020 crop 47 Caraway seeds
Carya illinoinensis,FAO WCA 2020 crop 225 Pecan nut（元の表記 Carya illinoensis：FAO の綴り誤りを訂正）
Castanea sativa,FAO WCA 2020 crop 61 Chestnut
Ceiba pentandra,FAO WCA 2020 crop 150 Kapok
Ceratonia siliqua,FAO WCA 2020 crop 50 Carob
Chenopodium quinoa,FAO WCA 2020 crop 247 Quinoa
Tanacetum cinerariifolium,FAO WCA 2020 crop 243 Pyrethrum（元の表記 Chrysanthemum cinerariaefolium：WFO の Accepted 名（除虫菊）に付け替え）
Cicer arietinum,FAO WCA 2020 crop 118 Gram pea (chickpea)
Cichorium endivia,FAO WCA 2020 crop 101 Endive
Cichorium intybus,FAO WCA 2020 crop 63 Chicory
Cinnamomum verum,FAO WCA 2020 crop 66 Cinnamon
Citrullus lanatus,FAO WCA 2020 crop 322 Watermelon
Citrus × aurantiifolia,"FAO WCA 2020 crop 163 Lime, sour（元の表記 Citrus aurantifolia：WFO の表記（交雑種）に合わせた）"
Citrus aurantium,"FAO WCA 2020 crop 212 Orange, bitter"
Citrus bergamia,FAO WCA 2020 crop 28 Bergamot
Citrus grandis,FAO WCA 2020 crop 235 Pomelo
Citrus limetta,"FAO WCA 2020 crop 164 Lime, sweet"
Citrus limon,FAO WCA 2020 crop 158 Lemon
Citrus medica,FAO WCA 2020 crop 67 Citron
Citrus paradisi,FAO WCA 2020 crop 120 Grapefruit
Citrus reticulata,FAO WCA 2020 crop 177 Mandarin
Citrus sinensis,FAO WCA 2020 crop 211 Orange
Cocos nucifera,FAO WCA 2020 crop 74 Coconut
Cola acuminata,FAO WCA 2020 crop 77 Cola nut (all varieties)
Cola nitida,FAO WCA 2020 crop 77 Cola nut (all varieties)
Colocasia esculenta,FAO WCA 2020 crop 305 Taro
Corylus avellana,FAO WCA 2020 crop 105 Filbert (hazelnut)
Crocus sativus,FAO WCA 2020 crop 263 Saffron（元の表記 Crocus savitus：FAO の綴り誤りを訂正）
Crotalaria juncea,"FAO WCA 2020 crop 135 Hemp, sun"
Cucumis melo,FAO WCA 2020 crop 184 Melon (except watermelon)
Cucumis sativus,FAO WCA 2020 crop 89 Cucumber
Curcuma longa,FAO WCA 2020 crop 315 Turmeric
Cydonia oblonga,FAO WCA 2020 crop 245 Quince
Cymbopogon citratus,FAO WCA 2020 crop 68 Citronella（元の表記 Cymbopogon citrates：FAO の綴り誤りを訂正）
Cymbopogon nardus,FAO WCA 2020 crop 68 Citronella
Cynara cardunculus,FAO WCA 2020 crop 49 Cardoon
Cynara scolymus,FAO WCA 2020 crop 12 Artichoke
Dactylis glomerata,"FAO WCA 2020 crop 125 Grass, orchard"
Daucus carota,"FAO WCA 2020 crop 51 Carrot, edible"
Digitaria exilis,FAO WCA 2020 crop 109 Fonio
Digitaria iburua,FAO WCA 2020 crop 109 Fonio
Diospyros kaki,FAO WCA 2020 crop 228 Persimmon
Diospyros virginiana,FAO WCA 2020 crop 228 Persimmon
Echinochloa esculenta,"FAO WCA 2020 crop 190 Millet, Japanese"
Elaeis guineensis,FAO WCA 2020 crop 204 Oil palm
Elettaria cardamomum,FAO WCA 2020 crop 48 Cardamom
Eleusine coracana,"FAO WCA 2020 crop 188 Millet, finger"
Eragrostis abyssinica,FAO WCA 2020 crop 307 Teff
Eriobotrya japonica,FAO WCA 2020 crop 168 Loquat
Erythroxylum coca,FAO WCA 2020 crop 72 Coca（元の表記 Erythroxypum coca：FAO の綴り誤りを訂正）
Erythroxylum novogranatense,FAO WCA 2020 crop 72 Coca（元の表記 Erythroxypum novogranatense：FAO の綴り誤りを訂正）
Syzygium aromaticum,FAO WCA 2020 crop 70 Clove（元の表記 Eugenia aromatica：WFO の Accepted 名（チョウジ）に付け替え）
Fagopyrum esculentum,FAO WCA 2020 crop 41 Buckwheat
Ficus carica,FAO WCA 2020 crop 104 Fig
Foeniculum vulgare,FAO WCA 2020 crop 102 Fennel
Furcraea macrophylla,FAO WCA 2020 crop 106 Fique
Garcinia mangostana,FAO WCA 2020 crop 180 Mangosteen/Mangostano
Glycyrrhiza glabra,FAO WCA 2020 crop 166 Liquorice
Guizotia abyssinica,FAO WCA 2020 crop 200 Niger seed
Helianthus annuus,FAO WCA 2020 crop 291 Sunflower for fodder
Helianthus tuberosus,FAO WCA 2020 crop 145 Jerusalem artichoke
Hevea brasiliensis,FAO WCA 2020 crop 258 Rubber
Hibiscus cannabinus,FAO WCA 2020 crop 152 Kenaf
Hibiscus esculentus,FAO WCA 2020 crop 205 Okra
Hordeum vulgare,FAO WCA 2020 crop 18 Barley
Humulus lupulus,FAO WCA 2020 crop 139 Hop
Ilex paraguariensis,FAO WCA 2020 crop 326 Yerba mate
Indigofera tinctoria,FAO WCA 2020 crop 143 Indigo
Lactuca sativa,FAO WCA 2020 crop 162 Lettuce
Laurus nobilis,FAO WCA 2020 crop 19 Bay leaves
Lawsonia inermis,FAO WCA 2020 crop 138 Henna
Lens culinaris,FAO WCA 2020 crop 160 Lentil
Lepidium sativum,FAO WCA 2020 crop 88 Cress
Linum usitatissimum,FAO WCA 2020 crop 107 Flax for fibre
Litchi chinensis,FAO WCA 2020 crop 167 Litchi
Lycopersicon esculentum,FAO WCA 2020 crop 311 Tomato
Lygeum spartum,FAO WCA 2020 crop 124 Grass esparto
Malus sylvestris,FAO WCA 2020 crop 7 Apple
Mangifera indica,FAO WCA 2020 crop 179 Mango
Maranta arundinacea,FAO WCA 2020 crop 11 Arrowroot
Medicago sativa,FAO WCA 2020 crop 2 Alfalfa for fodder
Mespilus germanica,FAO WCA 2020 crop 183 Medlar
Metroxylon sagu,"FAO WCA 2020 crop 217 Palm, sago"
Moringa oleifera,FAO WCA 2020 crop 95 Drumstick tree
Morus alba,FAO WCA 2020 crop 195 Mulberry for silkworms
Musa cavendishii,FAO WCA 2020 crop 17 Banana
Musa paradisiaca,FAO WCA 2020 crop 232 Plantain
Musa sapientum,FAO WCA 2020 crop 17 Banana
Musa textilis,FAO WCA 2020 crop 1 Abaca (Manila hemp)
Myristica fragrans,FAO WCA 2020 crop 171 Mace
Nicotiana tabacum,FAO WCA 2020 crop 310 Tobacco
Ocimum basilicum,FAO WCA 2020 crop 20 Basil
Olea europaea,FAO WCA 2020 crop 206 Olive
Onobrychis viciifolia,FAO WCA 2020 crop 264 Sainfoin
Oryza glaberrima,FAO WCA 2020 crop 256 Rice
Panicum miliaceum,"FAO WCA 2020 crop 192 Millet, proso"
Papaver somniferum,FAO WCA 2020 crop 210 Opium
Pastinaca sativa,FAO WCA 2020 crop 219 Parsnip
Paullinia cupana,FAO WCA 2020 crop 128 Guarana（元の表記 Paulinia cupana：FAO の綴り誤りを訂正）
Cenchrus americanus,FAO WCA 2020 crop 15 Bajra (Pearl millet)（元の表記 Pennisetum americanum：WFO の Accepted 名（トウジンビエ）に付け替え）
Persea americana,FAO WCA 2020 crop 14 Avocado
Phaseolus vulgaris,"FAO WCA 2020 crop 21 Beans, dry, edible, for grains"
Phleum pratense,FAO WCA 2020 crop 309 Timothy
Phoenix dactylifera,FAO WCA 2020 crop 93 Date
Phormium tenax,FAO WCA 2020 crop 110 Formio (New Zealand flax)
Pimpinella anisum,FAO WCA 2020 crop 6 Anise seeds
Piper methysticum,FAO WCA 2020 crop 151 Kava
Piper nigrum,"FAO WCA 2020 crop 226 Pepper, black"
Pistacia vera,FAO WCA 2020 crop 231 Pistachio nut
Pisum sativum,"FAO WCA 2020 crop 220 Pea, edible dry, for grain"
Prunus armeniaca,FAO WCA 2020 crop 8 Apricot
Prunus avium,FAO WCA 2020 crop 60 Cherry
Prunus cerasus,FAO WCA 2020 crop 278 Sour cherry
Prunus domestica,FAO WCA 2020 crop 233 Plum
Prunus amygdalus,FAO WCA 2020 crop 4 Almond（元の表記 Prunus dulcis：WFO の Accepted 名（アーモンド）に付け替え）
Prunus persica,FAO WCA 2020 crop 198 Nectarine
Psidium guajava,FAO WCA 2020 crop 129 Guava
Punica granatum,FAO WCA 2020 crop 234 Pomegranate
Pyrus communis,FAO WCA 2020 crop 224 Pear
Raphanus sativus,FAO WCA 2020 crop 248 Radish
Ricinus communis,FAO WCA 2020 crop 55 Castor bean
Saccharum officinarum,FAO WCA 2020 crop 288 Sugar cane for fodder
Sapium sebiferum,FAO WCA 2020 crop 301 Tallow tree
Scorzonera hispanica,FAO WCA 2020 crop 268 Scorzonera (black salsify)
Secale cereale,FAO WCA 2020 crop 182 Maslin (mixed cereals)
Sechium edule,FAO WCA 2020 crop 59 Chayote
Sesamum indicum,FAO WCA 2020 crop 269 Sesame
Setaria italica,"FAO WCA 2020 crop 189 Millet, foxtail"
Shorea aptera,FAO WCA 2020 crop 301 Tallow tree
Shorea stenoptera,FAO WCA 2020 crop 301 Tallow tree（元の表記 Shorea stenocarpa：FAO の綴り誤りを訂正（イリッペナッツ））
Simmondsia californica,FAO WCA 2020 crop 146 Jojoba
Simmondsia chinensis,FAO WCA 2020 crop 146 Jojoba
Sinapis alba,FAO WCA 2020 crop 197 Mustard
Solanum melongena,FAO WCA 2020 crop 100 Eggplant
Sorghum bicolor,FAO WCA 2020 crop 130 Guinea corn (sorghum)
Spinacia oleracea,FAO WCA 2020 crop 282 Spinach
Stillingia sebifera,FAO WCA 2020 crop 301 Tallow tree
Theobroma cacao,FAO WCA 2020 crop 45 Cacao (cocoa)
Thymus vulgaris,FAO WCA 2020 crop 308 Thymus
Tragopogon porrifolius,FAO WCA 2020 crop 265 Salsify
Trigonella foenum-graecum,FAO WCA 2020 crop 103 Fenugreek
Triticum durum,FAO WCA 2020 crop 97 Durum wheat
Triticum spelta,FAO WCA 2020 crop 281 Spelt wheat
Urena lobata,FAO WCA 2020 crop 318 Urena (Congo jute)
Vaccinium corymbosum,FAO WCA 2020 crop 32 Blueberry
Vaccinium macrocarpon,FAO WCA 2020 crop 87 Cranberry
Vaccinium myrtillus,FAO WCA 2020 crop 32 Blueberry
Vaccinium oxycoccos,FAO WCA 2020 crop 87 Cranberry（元の表記 Vaccinium oxycoccus：FAO の綴り誤りを訂正）
Valerianella locusta,FAO WCA 2020 crop 82 Corn for salad
Vanilla planifolia,FAO WCA 2020 crop 319 Vanilla
Vicia faba,FAO WCA 2020 crop 140 Horse bean
Vicia sativa,FAO WCA 2020 crop 320 Vetches
Vigna subterranea,FAO WCA 2020 crop 16 Bambara bean
Vigna unguiculata,"FAO WCA 2020 crop 85 Cowpea, for grain"
Vitellaria paradoxa,FAO WCA 2020 crop 270 Shea tree (shea butter or karite nut)
Vitis vinifera,FAO WCA 2020 crop 119 Grape
Voandzeia subterranea,FAO WCA 2020 crop 16 Bambara bean
Xanthosoma sagittifolium,FAO WCA 2020 crop 303 Tannia
Zingiber officinale,FAO WCA 2020 crop 114 Ginger
